adamk = Adam Kennedy <adamk@cpan.org>
amire80 = Amir E. Aharoni <amir.aharoni@gmail.com>
ash = Andrew Shitov <andy@shitov.ru>
azawawi = Ahmad M. Zawawi <ahmad.zawawi@gmail.com>
BlueT = Matthew Lien <bluet@cpan.org>
bowtie = Kevin Dawson <kevin@dawson10.plus.com>
bricas = Brian Cassidy <bricas@cpan.org>
brunov = Bruno Vecchi <brunov@cpan.org>
ChrisDolan = Chris Dolan <cdolan@cpan.org>
claudio = Claudio Ramirez <padre.claudio@apt-get.be>
CSJewell = Curtis Jewell <csjewell@cpan.org>
daxim = Lars Dieckow <daxim@cpan.org>
ddn123456 = Dirk De Nijs <ddn123456@gmail.com>
fayland = Fayland <fayland@gmail.com>
gabrielmad = Gabriel Vieira <gabriel.vieira@gmail.com>
garu = Breno G. de Oliveira <garu@cpan.org>
gyu = György Pásztor <pasztor@linux.gyakg.u-szeged.hu>
hashbangperl = Aaron Trevena <teejay@cpan.org>
hjansen = Heiko Jansen <heiko_jansen@web.de>
ishigaki = Kenichi Ishigaki <ishigaki@cpan.org>
jquelin = Jérôme Quelin <jquelin@cpan.org>
kaare = Kaare Rasmussen <kaare@cpan.org>
keedi = Keedi Kim <keedi@cpan.org>
KJETIL = Kjetil Skotheim <kjetil.skotheim@usit.uio.no>
mgrimes = Mark Grimes <mgrimes@cpan.org>
mmaslano = Marcela Mašláňová <mmaslano@redhat.com>
mohsen = Mohsen Basirat <mbas@cpan.org>
offer.kaye = Offer Kaye <offer.kaye@gmail.com>
PacoLinux = Paco Alguacil <paco.linux@gmail.com>
patspam = Patrick Donelan <pdonelan@cpan.org>
pmurias = Paweł Murias <pawelmurias@gmail.com>
pshangov = Peter Shangov <shangov@cpan.org>
ryan52 = Ryan Niebur <ryanryan52@gmail.com>
sblandin = Simone Blandino <simone.blandino@gmail.com>
Sewi = Sebastian Willing <sewi@cpan.org>
sharifulin = Anatoly Sharifulin <sharifulin@gmail.com>
shlomif = Shlomi Fish <shlomif@iglu.org.il>
submersible_toaster = Andrew Bramble <bramble@cpan.org>
SvenDowideit = Sven Dowideit <SvenDowideit@home.org.au>
szabgab = Gábor Szabó <szabgab@gmail.com>
therek = Cezary Morga <cm@therek.net>
tsee = Steffen Müller <smueller@cpan.org>
waxhead = Peter Lavender <peter.lavender@gmail.com>
zipf = Enrique Nell <perl_nell@telefonica.net>
bruck = bruck <bruck@svngit.padre.perlide.org>
kthakore = kthakore <kthakore@svngit.padre.perlide.org>
Corion = Corion <Corion@svngit.padre.perlide.org>
chorny = chorny <chorny@svngit.padre.perlide.org>
vrobin = vrobin <vrobin@svngit.padre.perlide.org>
burak = burak <burak@svngit.padre.perlide.org>
reneeb = reneeb <reneeb@svngit.padre.perlide.org>
karl.forner = karl.forner <karl.forner@svngit.padre.perlide.org>
mattp = mattp <mattp@svngit.padre.perlide.org>
perlpilot = perlpilot <perlpilot@svngit.padre.perlide.org>
zenogantner = zenogantner <zenogantner@svngit.padre.perlide.org>
jagd = jagd <jagd@svngit.padre.perlide.org>
rehsack = rehsack <rehsack@svngit.padre.perlide.org>
rhebus = rhebus <rhebus@svngit.padre.perlide.org>
dolmen = dolmen <dolmen@svngit.padre.perlide.org>
Mutant = Mutant <Mutant@svngit.padre.perlide.org>
eilara = eilara <eilara@svngit.padre.perlide.org>
mulander = mulander <mulander@svngit.padre.perlide.org>
thecrux = thecrux <thecrux@svngit.padre.perlide.org>
dapatrick = dapatrick <dapatrick@svngit.padre.perlide.org>
meorero = meorero <meorero@svngit.padre.perlide.org>
markd = markd <markd@svngit.padre.perlide.org>
tome = tome <tome@svngit.padre.perlide.org>
evil = evil <evil@svngit.padre.perlide.org>
bennie = bennie <bennie@svngit.padre.perlide.org>
